{
  "timestamp": "2025-07-31T11:55:05+00:00",
  "omega": 2.9159370896609696e-07,
  "alpha": 0.05,
  "beta": 0.9299999999999999
}